"category","average_discount_percentage"
"Furniture","0.17392267798208392268"
"Office Supplies","0.15728509790906073681"
"Technology","0.13232268543584190579"
